{"NDCGK_10":{"myEASE(l2=1.968012532514747,method=item)":0.7879846018},"NDCGK_20":{"myEASE(l2=1.968012532514747,method=item)":0.7980465589},"NDCGK_50":{"myEASE(l2=1.968012532514747,method=item)":0.8045714322},"RecallK_10":{"myEASE(l2=1.968012532514747,method=item)":0.8326926557},"RecallK_20":{"myEASE(l2=1.968012532514747,method=item)":0.8699414609},"RecallK_50":{"myEASE(l2=1.968012532514747,method=item)":0.8954454819},"CoverageK_10":{"myEASE(l2=1.968012532514747,method=item)":0.4073854029},"CoverageK_20":{"myEASE(l2=1.968012532514747,method=item)":0.546501531},"CoverageK_50":{"myEASE(l2=1.968012532514747,method=item)":0.7017960788}}