{"CoverageK_10":{"myEASE(l2=64.843784968416,method=item)":0.9851911147},"CoverageK_20":{"myEASE(l2=64.843784968416,method=item)":0.9969981989},"CoverageK_50":{"myEASE(l2=64.843784968416,method=item)":0.9993996398},"NDCGK_10":{"myEASE(l2=64.843784968416,method=item)":0.3529972507},"NDCGK_20":{"myEASE(l2=64.843784968416,method=item)":0.3917550903},"NDCGK_50":{"myEASE(l2=64.843784968416,method=item)":0.4412129824},"RecallK_10":{"myEASE(l2=64.843784968416,method=item)":0.3897877402},"RecallK_20":{"myEASE(l2=64.843784968416,method=item)":0.5128445383},"RecallK_50":{"myEASE(l2=64.843784968416,method=item)":0.6748975417}}