{"CoverageK_10":{"myEASE(l2=25.65026811439201,method=item)":0.5699745547},"CoverageK_20":{"myEASE(l2=25.65026811439201,method=item)":0.7180198936},"NDCGK_10":{"myEASE(l2=25.65026811439201,method=item)":0.5624702944},"NDCGK_20":{"myEASE(l2=25.65026811439201,method=item)":0.5919066656},"RecallK_10":{"myEASE(l2=25.65026811439201,method=item)":0.5063653321},"RecallK_20":{"myEASE(l2=25.65026811439201,method=item)":0.6049930488}}