{"NDCGK_10":{"myEASE(l2=17.17782128886397,method=item)":0.7546024528},"NDCGK_20":{"myEASE(l2=17.17782128886397,method=item)":0.7717529574},"NDCGK_50":{"myEASE(l2=17.17782128886397,method=item)":0.7820960112},"RecallK_10":{"myEASE(l2=17.17782128886397,method=item)":0.8549510153},"RecallK_20":{"myEASE(l2=17.17782128886397,method=item)":0.9150981739},"RecallK_50":{"myEASE(l2=17.17782128886397,method=item)":0.9614472167},"CoverageK_10":{"myEASE(l2=17.17782128886397,method=item)":0.867},"CoverageK_20":{"myEASE(l2=17.17782128886397,method=item)":0.938},"CoverageK_50":{"myEASE(l2=17.17782128886397,method=item)":0.984}}