{"NDCGK_10":{"myEASE(l2=5.263003895197772,method=item)":0.2654015779},"NDCGK_20":{"myEASE(l2=5.263003895197772,method=item)":0.2654015779},"NDCGK_50":{"myEASE(l2=5.263003895197772,method=item)":0.2654015779},"RecallK_10":{"myEASE(l2=5.263003895197772,method=item)":0.5},"RecallK_20":{"myEASE(l2=5.263003895197772,method=item)":0.5},"RecallK_50":{"myEASE(l2=5.263003895197772,method=item)":0.5},"CoverageK_10":{"myEASE(l2=5.263003895197772,method=item)":0.2148148148},"CoverageK_20":{"myEASE(l2=5.263003895197772,method=item)":0.3185185185},"CoverageK_50":{"myEASE(l2=5.263003895197772,method=item)":0.4888888889}}