{"CoverageK_10":{"myEASE(l2=13.860105577942754,method=item)":0.8995918367},"CoverageK_20":{"myEASE(l2=13.860105577942754,method=item)":0.9573469388},"CoverageK_50":{"myEASE(l2=13.860105577942754,method=item)":0.9916326531},"NDCGK_10":{"myEASE(l2=13.860105577942754,method=item)":0.561487722},"NDCGK_20":{"myEASE(l2=13.860105577942754,method=item)":0.5890867613},"NDCGK_50":{"myEASE(l2=13.860105577942754,method=item)":0.6136839927},"RecallK_10":{"myEASE(l2=13.860105577942754,method=item)":0.6013175931},"RecallK_20":{"myEASE(l2=13.860105577942754,method=item)":0.6849970489},"RecallK_50":{"myEASE(l2=13.860105577942754,method=item)":0.7699889783}}