{"NDCGK_10":{"myEASE(l2=53.56147861245392,method=item)":0.4440598633},"NDCGK_20":{"myEASE(l2=53.56147861245392,method=item)":0.4781893107},"NDCGK_50":{"myEASE(l2=53.56147861245392,method=item)":0.5077722249},"RecallK_10":{"myEASE(l2=53.56147861245392,method=item)":0.5923030662},"RecallK_20":{"myEASE(l2=53.56147861245392,method=item)":0.7116313848},"RecallK_50":{"myEASE(l2=53.56147861245392,method=item)":0.839008198},"CoverageK_10":{"myEASE(l2=53.56147861245392,method=item)":0.997},"CoverageK_20":{"myEASE(l2=53.56147861245392,method=item)":0.999},"CoverageK_50":{"myEASE(l2=53.56147861245392,method=item)":1.0}}