{"NDCGK_10":{"myEASE(l2=14.274114174645991,method=item)":0.7505653074},"NDCGK_20":{"myEASE(l2=14.274114174645991,method=item)":0.7632620728},"NDCGK_50":{"myEASE(l2=14.274114174645991,method=item)":0.7731820212},"RecallK_10":{"myEASE(l2=14.274114174645991,method=item)":0.819824497},"RecallK_20":{"myEASE(l2=14.274114174645991,method=item)":0.8697131817},"RecallK_50":{"myEASE(l2=14.274114174645991,method=item)":0.91069479},"CoverageK_10":{"myEASE(l2=14.274114174645991,method=item)":0.45113},"CoverageK_20":{"myEASE(l2=14.274114174645991,method=item)":0.62929},"CoverageK_50":{"myEASE(l2=14.274114174645991,method=item)":0.82175}}