{"CoverageK_10":{"myEASE(l2=271.827913281293,method=item)":0.3285714286},"CoverageK_20":{"myEASE(l2=271.827913281293,method=item)":0.4428571429},"NDCGK_10":{"myEASE(l2=271.827913281293,method=item)":0.6547543623},"NDCGK_20":{"myEASE(l2=271.827913281293,method=item)":0.6547543623},"RecallK_10":{"myEASE(l2=271.827913281293,method=item)":1.0},"RecallK_20":{"myEASE(l2=271.827913281293,method=item)":1.0}}