{"CoverageK_10":{"myEASE(l2=22.625273494269223,method=item)":0.7099557006},"CoverageK_20":{"myEASE(l2=22.625273494269223,method=item)":0.8505479133},"NDCGK_10":{"myEASE(l2=22.625273494269223,method=item)":0.4780057132},"NDCGK_20":{"myEASE(l2=22.625273494269223,method=item)":0.5024491479},"RecallK_10":{"myEASE(l2=22.625273494269223,method=item)":0.4118282867},"RecallK_20":{"myEASE(l2=22.625273494269223,method=item)":0.5191063768}}