{"NDCGK_10":{"myEASE(l2=2.443053618966041,method=item)":0.7258978839},"NDCGK_20":{"myEASE(l2=2.443053618966041,method=item)":0.7404731573},"NDCGK_50":{"myEASE(l2=2.443053618966041,method=item)":0.7536671465},"RecallK_10":{"myEASE(l2=2.443053618966041,method=item)":0.8240873009},"RecallK_20":{"myEASE(l2=2.443053618966041,method=item)":0.8755421137},"RecallK_50":{"myEASE(l2=2.443053618966041,method=item)":0.9302556075},"CoverageK_10":{"myEASE(l2=2.443053618966041,method=item)":0.863},"CoverageK_20":{"myEASE(l2=2.443053618966041,method=item)":0.919},"CoverageK_50":{"myEASE(l2=2.443053618966041,method=item)":0.959}}