{"NDCGK_10":{"myEASE(l2=2.7104543702046042,method=item)":0.6356444612},"NDCGK_20":{"myEASE(l2=2.7104543702046042,method=item)":0.6478800785},"NDCGK_50":{"myEASE(l2=2.7104543702046042,method=item)":0.6639967565},"RecallK_10":{"myEASE(l2=2.7104543702046042,method=item)":0.6536052874},"RecallK_20":{"myEASE(l2=2.7104543702046042,method=item)":0.7223009544},"RecallK_50":{"myEASE(l2=2.7104543702046042,method=item)":0.7903368199},"CoverageK_10":{"myEASE(l2=2.7104543702046042,method=item)":0.84449},"CoverageK_20":{"myEASE(l2=2.7104543702046042,method=item)":0.95016},"CoverageK_50":{"myEASE(l2=2.7104543702046042,method=item)":0.99494}}