{"NDCGK_10":{"myEASE(l2=1.790412513982881,method=item)":0.6630091926},"NDCGK_20":{"myEASE(l2=1.790412513982881,method=item)":0.6732781755},"NDCGK_50":{"myEASE(l2=1.790412513982881,method=item)":0.6851566244},"RecallK_10":{"myEASE(l2=1.790412513982881,method=item)":0.6863082002},"RecallK_20":{"myEASE(l2=1.790412513982881,method=item)":0.7378572962},"RecallK_50":{"myEASE(l2=1.790412513982881,method=item)":0.7884744881},"CoverageK_10":{"myEASE(l2=1.790412513982881,method=item)":0.53344},"CoverageK_20":{"myEASE(l2=1.790412513982881,method=item)":0.69853},"CoverageK_50":{"myEASE(l2=1.790412513982881,method=item)":0.86792}}