{"NDCGK_10":{"myEASE(l2=4.665947541186781,method=item)":0.4493082618},"NDCGK_20":{"myEASE(l2=4.665947541186781,method=item)":0.482394182},"NDCGK_50":{"myEASE(l2=4.665947541186781,method=item)":0.5080214961},"RecallK_10":{"myEASE(l2=4.665947541186781,method=item)":0.6063811723},"RecallK_20":{"myEASE(l2=4.665947541186781,method=item)":0.718592164},"RecallK_50":{"myEASE(l2=4.665947541186781,method=item)":0.8252714748},"CoverageK_10":{"myEASE(l2=4.665947541186781,method=item)":0.968},"CoverageK_20":{"myEASE(l2=4.665947541186781,method=item)":0.992},"CoverageK_50":{"myEASE(l2=4.665947541186781,method=item)":1.0}}