{"CoverageK_10":{"myEASE(l2=21.814189223405904,method=item)":0.9250966823},"CoverageK_20":{"myEASE(l2=21.814189223405904,method=item)":0.9596987584},"CoverageK_50":{"myEASE(l2=21.814189223405904,method=item)":0.9867697944},"NDCGK_10":{"myEASE(l2=21.814189223405904,method=item)":0.5456250443},"NDCGK_20":{"myEASE(l2=21.814189223405904,method=item)":0.57504797},"NDCGK_50":{"myEASE(l2=21.814189223405904,method=item)":0.6077539077},"RecallK_10":{"myEASE(l2=21.814189223405904,method=item)":0.567762554},"RecallK_20":{"myEASE(l2=21.814189223405904,method=item)":0.6732533681},"RecallK_50":{"myEASE(l2=21.814189223405904,method=item)":0.7826739609}}