{"CoverageK_10":{"myEASE(l2=10.222904908236073,method=item)":0.8703665779},"CoverageK_20":{"myEASE(l2=10.222904908236073,method=item)":0.9586319885},"CoverageK_50":{"myEASE(l2=10.222904908236073,method=item)":0.9883268482},"NDCGK_10":{"myEASE(l2=10.222904908236073,method=item)":0.508444068},"NDCGK_20":{"myEASE(l2=10.222904908236073,method=item)":0.5465278205},"NDCGK_50":{"myEASE(l2=10.222904908236073,method=item)":0.5848563207},"RecallK_10":{"myEASE(l2=10.222904908236073,method=item)":0.5517549441},"RecallK_20":{"myEASE(l2=10.222904908236073,method=item)":0.6651949995},"RecallK_50":{"myEASE(l2=10.222904908236073,method=item)":0.7843452157}}