{"CoverageK_10":{"myEASE(l2=2.4726283021746003,method=item)":0.2278481013},"CoverageK_20":{"myEASE(l2=2.4726283021746003,method=item)":0.2278481013},"NDCGK_10":{"myEASE(l2=2.4726283021746003,method=item)":0.7146442059},"NDCGK_20":{"myEASE(l2=2.4726283021746003,method=item)":0.7325230833},"RecallK_10":{"myEASE(l2=2.4726283021746003,method=item)":0.8928571429},"RecallK_20":{"myEASE(l2=2.4726283021746003,method=item)":0.9642857143}}