{"NDCGK_10":{"myEASE(l2=97.19165352278802,method=item)":0.8769765845},"NDCGK_20":{"myEASE(l2=97.19165352278802,method=item)":0.8769765845},"NDCGK_50":{"myEASE(l2=97.19165352278802,method=item)":0.8769765845},"RecallK_10":{"myEASE(l2=97.19165352278802,method=item)":1.0},"RecallK_20":{"myEASE(l2=97.19165352278802,method=item)":1.0},"RecallK_50":{"myEASE(l2=97.19165352278802,method=item)":1.0},"CoverageK_10":{"myEASE(l2=97.19165352278802,method=item)":0.2242990654},"CoverageK_20":{"myEASE(l2=97.19165352278802,method=item)":0.3831775701},"CoverageK_50":{"myEASE(l2=97.19165352278802,method=item)":0.6355140187}}